Food Item,Calories,Protein,Carbs,Fat,Recommended Quantity
20.0,380,35.2,58.4,0.6,0.8157315519172104
100.0,455,7.5,71.3,17.0,2.8381665830018923
94.0,275,0.0,0.0,0.0,0.7661910154563366
95.0,884,0.0,0.0,100.0,0.212617291578175
